actor_id,actor_name,distance
nm0000129,Tom Cruise,0.02688463061355495
nm0147147,Henry Cavill,0.04459907371977068
nm0829032,Ray Stevenson,0.045203363012771725
nm5899377,Tiger Shroff,0.04878254078965649
nm1679372,Sudeep,0.051694237969527324
nm0003244,Jordi Mollà,0.05341461348143228
nm0636280,Richard Norton,0.05652570932413603
nm0607884,Mark Mortimer,0.05652570932413603
nm2018237,Taylor Kitsch,0.05800371753039035
nm4043618,Tom Holland,0.060189700993587
